;Ursus.spelaeus;Ursus.arctos;Panthera.spelaea;Panthera.leo;Panthera.pardus;Crocuta.crocuta;Canis.lupus;Meles.meles;Vulpes.vulpes;Vulpes.lagopus;Felis.silvestris;Homo_neand;Homo.sapiens;Age
Ursus.spelaeus;0;0.977267888;0.964532789;0.963864109;0.906633891;0.97968019;0.983960302;0.914814052;0.980255413;0.921253946;0.799751693;0.955629687;0.958106306;27
Ursus.arctos;0.977267888;0;0.97086538;0.975905419;0.93879468;0.986746531;0.993030674;0.940537343;0.991410823;0.947247242;0.855118106;0.971041767;0.981363771;27
Panthera.spelaea;0.964532789;0.97086538;0;0.979375139;0.908536758;0.961187609;0.971616253;0.930941318;0.958976;0.952065232;0.851609408;0.947498315;0.965057219;27
Panthera.leo;0.963864109;0.975905419;0.979375139;0;0.932963793;0.966353607;0.977440379;0.958588942;0.962988476;0.975158549;0.876442206;0.962291492;0.974803208;27
Panthera.pardus;0.906633891;0.93879468;0.908536758;0.932963793;0;0.930228667;0.922036149;0.954231585;0.940893544;0.910042202;0.937651506;0.973654551;0.933454756;27
Crocuta.crocuta;0.97968019;0.986746531;0.961187609;0.966353607;0.930228667;0;0.986508266;0.925763311;0.986403401;0.935220926;0.824522791;0.973034564;0.975609448;27
Canis.lupus;0.983960302;0.993030674;0.971616253;0.977440379;0.922036149;0.986508266;0;0.932562948;0.991630573;0.946386412;0.832868066;0.965328237;0.986361523;27
Meles.meles;0.914814052;0.940537343;0.930941318;0.958588942;0.954231585;0.925763311;0.932562948;0;0.928600568;0.953538004;0.918053893;0.957629899;0.943662924;27
Vulpes.vulpes;0.980255413;0.991410823;0.958976;0.962988476;0.940893544;0.986403401;0.991630573;0.928600568;0;0.92697701;0.84279094;0.97557447;0.978350547;27
Vulpes.lagopus;0.921253946;0.947247242;0.952065232;0.975158549;0.910042202;0.935220926;0.946386412;0.953538004;0.92697701;0;0.875416303;0.934533646;0.957430056;27
Felis.silvestris;0.799751693;0.855118106;0.851609408;0.876442206;0.937651506;0.824522791;0.832868066;0.918053893;0.84279094;0.875416303;0;0.891942915;0.857763573;27
Homo_neand;0.955629687;0.971041767;0.947498315;0.962291492;0.973654551;0.973034564;0.965328237;0.957629899;0.97557447;0.934533646;0.891942915;0;0.966456541;27
Homo.sapiens;0.958106306;0.981363771;0.965057219;0.974803208;0.933454756;0.975609448;0.986361523;0.943662924;0.978350547;0.957430056;0.857763573;0.966456541;0;27
Ursus.spelaeus1;0;0.977101108;0.963789852;0.962933335;0.904652701;0.979353056;0.983870517;0.914034125;0.979776449;0.918771387;0.796344137;0.954302072;0.958775212;28
Ursus.arctos1;0.977101108;0;0.969817557;0.974780706;0.937584489;0.986627671;0.99266576;0.939715809;0.991037398;0.944621867;0.851324547;0.970489384;0.981371421;28
Panthera.spelaea1;0.963789852;0.969817557;0;0.979313723;0.90866377;0.960328198;0.971188367;0.93229331;0.957337117;0.951711602;0.850778898;0.947612878;0.965898842;28
Panthera.leo1;0.962933335;0.974780706;0.979313723;0;0.932863642;0.965642649;0.976399038;0.958429997;0.960892553;0.974080452;0.875044559;0.962049353;0.974455853;28
Panthera.pardus1;0.904652701;0.937584489;0.90866377;0.932863642;0;0.929135114;0.920577285;0.953861402;0.938784395;0.911042336;0.937882531;0.973686777;0.933436244;28
Crocuta.crocuta1;0.979353056;0.986627671;0.960328198;0.965642649;0.929135114;0;0.986220234;0.925128852;0.986032995;0.932601305;0.821595641;0.972216487;0.975784545;28
Canis.lupus1;0.983870517;0.99266576;0.971188367;0.976399038;0.920577285;0.986220234;0;0.931478747;0.99128003;0.94315316;0.828900545;0.964448835;0.986291047;28
Meles.meles1;0.914034125;0.939715809;0.93229331;0.958429997;0.953861402;0.925128852;0.931478747;0;0.92615233;0.954925034;0.917084512;0.958463655;0.944043365;28
Vulpes.vulpes1;0.979776449;0.991037398;0.957337117;0.960892553;0.938784395;0.986032995;0.99128003;0.92615233;0;0.922705358;0.837013827;0.974181191;0.978208538;28
Vulpes.lagopus1;0.918771387;0.944621867;0.951711602;0.974080452;0.911042336;0.932601305;0.94315316;0.954925034;0.922705358;0;0.877015795;0.934974019;0.955743733;28
Felis.silvestris1;0.796344137;0.851324547;0.850778898;0.875044559;0.937882531;0.821595641;0.828900545;0.917084512;0.837013827;0.877015795;0;0.891930867;0.855851958;28
Homo_neand1;0.954302072;0.970489384;0.947612878;0.962049353;0.973686777;0.972216487;0.964448835;0.958463655;0.974181191;0.934974019;0.891930867;0;0.967212111;28
Homo.sapiens1;0.958775212;0.981371421;0.965898842;0.974455853;0.933436244;0.975784545;0.986291047;0.944043365;0.978208538;0.955743733;0.855851958;0.967212111;0;28
Ursus.spelaeus2;0;0.976448885;0.962365136;0.962100526;0.899362133;0.978336583;0.983964885;0.909944247;0.978925362;0.91668771;0.79052378;0.950858052;0.960291728;29
Ursus.arctos2;0.976448885;0;0.967935861;0.973364732;0.934239345;0.985883185;0.992284939;0.937684288;0.990306633;0.941824533;0.844518843;0.968921673;0.982205915;29
Panthera.spelaea2;0.962365136;0.967935861;0;0.978320606;0.903300783;0.958276693;0.969911617;0.931481002;0.954223891;0.950692932;0.844215239;0.946133725;0.966020497;29
Panthera.leo2;0.962100526;0.973364732;0.978320606;0;0.929839203;0.964154932;0.974776115;0.95623371;0.958140778;0.972705728;0.870002069;0.959789785;0.973362347;29
Panthera.pardus2;0.899362133;0.934239345;0.903300783;0.929839203;0;0.923521055;0.916111871;0.952140253;0.934361522;0.90833045;0.936431866;0.971976507;0.930114716;29
Crocuta.crocuta2;0.978336583;0.985883185;0.958276693;0.964154932;0.923521055;0;0.985712441;0.920447155;0.984518524;0.928464493;0.811435891;0.969521084;0.976968332;29
Canis.lupus2;0.983964885;0.992284939;0.969911617;0.974776115;0.916111871;0.985712441;0;0.92781821;0.990897969;0.938661068;0.821089731;0.962094231;0.986136062;29
Meles.meles2;0.909944247;0.937684288;0.931481002;0.95623371;0.952140253;0.920447155;0.92781821;0;0.922201134;0.9529119;0.915256281;0.957244554;0.940985787;29
Vulpes.vulpes2;0.978925362;0.990306633;0.954223891;0.958140778;0.934361522;0.984518524;0.990897969;0.922201134;0;0.917806922;0.827705922;0.971896498;0.978564274;29
Vulpes.lagopus2;0.91668771;0.941824533;0.950692932;0.972705728;0.90833045;0.928464493;0.938661068;0.9529119;0.917806922;0;0.87608285;0.93186179;0.951357225;29
Felis.silvestris2;0.79052378;0.844518843;0.844215239;0.870002069;0.936431866;0.811435891;0.821089731;0.915256281;0.827705922;0.87608285;0;0.887873252;0.845562013;29
Homo_neand2;0.950858052;0.968921673;0.946133725;0.959789785;0.971976507;0.969521084;0.962094231;0.957244554;0.971896498;0.93186179;0.887873252;0;0.967101196;29
Homo.sapiens2;0.960291728;0.982205915;0.966020497;0.973362347;0.930114716;0.976968332;0.986136062;0.940985787;0.978564274;0.951357225;0.845562013;0.967101196;0;29
Ursus.spelaeus3;0;0.976150265;0.961263325;0.96105574;0.897343439;0.977926711;0.983423071;0.909312425;0.977763035;0.914969121;0.787330505;0.949398072;0.96124151;30
Ursus.arctos3;0.976150265;0;0.967052236;0.972600824;0.932363942;0.985716581;0.991965537;0.936926219;0.990088782;0.939864319;0.840516574;0.967541189;0.98241219;30
Panthera.spelaea3;0.961263325;0.967052236;0;0.977703522;0.904081377;0.956888043;0.968337328;0.933878628;0.95216854;0.950375214;0.845017023;0.946934699;0.965367701;30
Panthera.leo3;0.96105574;0.972600824;0.977703522;0;0.930448092;0.963440647;0.973793633;0.956393028;0.95670844;0.971964787;0.8696992;0.959985494;0.973041566;30
Panthera.pardus3;0.897343439;0.932363942;0.904081377;0.930448092;0;0.922274656;0.914702073;0.952285512;0.932425662;0.909505911;0.935777318;0.97174758;0.929767578;30
Crocuta.crocuta3;0.977926711;0.985716581;0.956888043;0.963440647;0.922274656;0;0.985303007;0.919730395;0.984444557;0.926296296;0.807994451;0.968215362;0.977601805;30
Canis.lupus3;0.983423071;0.991965537;0.968337328;0.973793633;0.914702073;0.985303007;0;0.926151698;0.990560648;0.936250573;0.817759324;0.9607339;0.986528481;30
Meles.meles3;0.909312425;0.936926219;0.933878628;0.956393028;0.952285512;0.919730395;0.926151698;0;0.920285355;0.953933133;0.915929651;0.958606277;0.939151464;30
Vulpes.vulpes3;0.977763035;0.990088782;0.95216854;0.95670844;0.932425662;0.984444557;0.990560648;0.920285355;0;0.91485479;0.823212398;0.970018904;0.979636283;30
Vulpes.lagopus3;0.914969121;0.939864319;0.950375214;0.971964787;0.909505911;0.926296296;0.936250573;0.953933133;0.91485479;0;0.878648932;0.932722163;0.948519372;30
Felis.silvestris3;0.787330505;0.840516574;0.845017023;0.8696992;0.935777318;0.807994451;0.817759324;0.915929651;0.823212398;0.878648932;0;0.887833251;0.841721424;30
Homo_neand3;0.949398072;0.967541189;0.946934699;0.959985494;0.97174758;0.968215362;0.9607339;0.958606277;0.970018904;0.932722163;0.887833251;0;0.967684196;30
Homo.sapiens3;0.96124151;0.98241219;0.965367701;0.973041566;0.929767578;0.977601805;0.986528481;0.939151464;0.979636283;0.948519372;0.841721424;0.967684196;0;30
Ursus.spelaeus4;0;0.975940623;0.961050143;0.95985619;0.896797572;0.9777915;0.982969419;0.90933543;0.977023372;0.913233134;0.785142364;0.948526005;0.963177449;31
Ursus.arctos4;0.975940623;0;0.966905374;0.971715778;0.931035038;0.985297322;0.991594477;0.936186319;0.989769493;0.938081336;0.837603009;0.965805502;0.982840738;31
Panthera.spelaea4;0.961050143;0.966905374;0;0.977598668;0.907277869;0.956505772;0.967360425;0.937622762;0.951438913;0.950813316;0.847997763;0.94898586;0.965574714;31
Panthera.leo4;0.95985619;0.971715778;0.977598668;0;0.931712718;0.962910938;0.972910137;0.956665685;0.955613926;0.971395157;0.87001537;0.960448567;0.972819998;31
Panthera.pardus4;0.896797572;0.931035038;0.907277869;0.931712718;0;0.921371347;0.914461645;0.952741263;0.930664585;0.911235308;0.934969324;0.971655264;0.929882906;31
Crocuta.crocuta4;0.9777915;0.985297322;0.956505772;0.962910938;0.921371347;0;0.984550709;0.918921534;0.983353247;0.924653385;0.804992866;0.966294047;0.978497723;31
Canis.lupus4;0.982969419;0.991594477;0.967360425;0.972910137;0.914461645;0.984550709;0;0.92478711;0.9905591;0.934236812;0.816160799;0.959647073;0.98732001;31
Meles.meles4;0.90933543;0.936186319;0.937622762;0.956665685;0.952741263;0.918921534;0.92478711;0;0.918366396;0.955323176;0.917336254;0.960144342;0.936651835;31
Vulpes.vulpes4;0.977023372;0.989769493;0.951438913;0.955613926;0.930664585;0.983353247;0.9905591;0.918366396;0;0.912723018;0.819414548;0.967623223;0.981145456;31
Vulpes.lagopus4;0.913233134;0.938081336;0.950813316;0.971395157;0.911235308;0.924653385;0.934236812;0.955323176;0.912723018;0;0.881584905;0.934201627;0.945555171;31
Felis.silvestris4;0.785142364;0.837603009;0.847997763;0.87001537;0.934969324;0.804992866;0.816160799;0.917336254;0.819414548;0.881584905;0;0.888339561;0.838599523;31
Homo_neand4;0.948526005;0.965805502;0.94898586;0.960448567;0.971655264;0.966294047;0.959647073;0.960144342;0.967623223;0.934201627;0.888339561;0;0.968013256;31
Homo.sapiens4;0.963177449;0.982840738;0.965574714;0.972819998;0.929882906;0.978497723;0.98732001;0.936651835;0.981145456;0.945555171;0.838599523;0.968013256;0;31
Ursus.spelaeus5;0;0.975224556;0.960237792;0.9589047;0.894492751;0.97700707;0.982984983;0.908248753;0.976408366;0.911357546;0.787175779;0.947229458;0.965415506;32
Ursus.arctos5;0.975224556;0;0.96543707;0.970515632;0.930896725;0.985240673;0.991125559;0.935628493;0.98938578;0.936141487;0.83985238;0.966307623;0.984379626;32
Panthera.spelaea5;0.960237792;0.96543707;0;0.976767885;0.904763039;0.955423444;0.966485389;0.937616808;0.949951564;0.94908256;0.849774379;0.948516093;0.96496455;32
Panthera.leo5;0.9589047;0.970515632;0.976767885;0;0.929236458;0.962600282;0.97169515;0.955360653;0.953885324;0.970054269;0.86952298;0.958500292;0.972315994;32
Panthera.pardus5;0.894492751;0.930896725;0.904763039;0.929236458;0;0.921038626;0.911839398;0.9508007;0.928745937;0.910885286;0.936234693;0.971071135;0.930685325;32
Crocuta.crocuta5;0.97700707;0.985240673;0.955423444;0.962600282;0.921038626;0;0.984440913;0.918800188;0.982743049;0.923943039;0.809310382;0.965901166;0.980225516;32
Canis.lupus5;0.982984983;0.991125559;0.966485389;0.97169515;0.911839398;0.984440913;0;0.922914358;0.990341141;0.93088037;0.8155173;0.958343122;0.987893232;32
Meles.meles5;0.908248753;0.935628493;0.937616808;0.955360653;0.9508007;0.918800188;0.922914358;0;0.916768177;0.955977812;0.917469489;0.960462713;0.935905443;32
Vulpes.vulpes5;0.976408366;0.98938578;0.949951564;0.953885324;0.928745937;0.982743049;0.990341141;0.916768177;0;0.910164394;0.819335215;0.966488945;0.982844251;32
Vulpes.lagopus5;0.911357546;0.936141487;0.94908256;0.970054269;0.910885286;0.923943039;0.93088037;0.955977812;0.910164394;0;0.883572574;0.934693413;0.942308913;32
Felis.silvestris5;0.787175779;0.83985238;0.849774379;0.86952298;0.936234693;0.809310382;0.8155173;0.917469489;0.819335215;0.883572574;0;0.891593361;0.840028569;32
Homo_neand5;0.947229458;0.966307623;0.948516093;0.958500292;0.971071135;0.965901166;0.958343122;0.960462713;0.966488945;0.934693413;0.891593361;0;0.969320131;32
Homo.sapiens5;0.965415506;0.984379626;0.96496455;0.972315994;0.930685325;0.980225516;0.987893232;0.935905443;0.982844251;0.942308913;0.840028569;0.969320131;0;32
Ursus.spelaeus6;0;0.974556934;0.960237832;0.958295949;0.892730818;0.976778162;0.982924635;0.90814432;0.975459815;0.909750337;0.789827699;0.946876205;0.96675135;33
Ursus.arctos6;0.974556934;0;0.964157168;0.9691388;0.931196351;0.984977653;0.990614385;0.93559854;0.989300395;0.934284073;0.842660842;0.966952708;0.985121671;33
Panthera.spelaea6;0.960237832;0.964157168;0;0.976711234;0.903605386;0.95522665;0.965713251;0.938420728;0.948470861;0.947262545;0.852767572;0.94905786;0.963659391;33
Panthera.leo6;0.958295949;0.9691388;0.976711234;0;0.927026288;0.962170048;0.970627964;0.954142385;0.951908184;0.968884619;0.869630786;0.957003454;0.97122493;33
Panthera.pardus6;0.892730818;0.931196351;0.903605386;0.927026288;0;0.921391966;0.910032102;0.948660623;0.926969591;0.910886293;0.937142776;0.970249701;0.93164512;33
Crocuta.crocuta6;0.976778162;0.984977653;0.95522665;0.962170048;0.921391966;0;0.984272263;0.919261605;0.982321026;0.923352588;0.81378554;0.966321019;0.981108558;33
Canis.lupus6;0.982924635;0.990614385;0.965713251;0.970627964;0.910032102;0.984272263;0;0.921467944;0.990121382;0.92795063;0.815637463;0.957667356;0.988027244;33
Meles.meles6;0.90814432;0.93559854;0.938420728;0.954142385;0.948660623;0.919261605;0.921467944;0;0.915112253;0.956179654;0.917884744;0.960443299;0.934675567;33
Vulpes.vulpes6;0.975459815;0.989300395;0.948470861;0.951908184;0.926969591;0.982321026;0.990121382;0.915112253;0;0.907793619;0.819321792;0.965549851;0.983960316;33
Vulpes.lagopus6;0.909750337;0.934284073;0.947262545;0.968884619;0.910886293;0.923352588;0.92795063;0.956179654;0.907793619;0;0.885593151;0.934933501;0.939359585;33
Felis.silvestris6;0.789827699;0.842660842;0.852767572;0.869630786;0.937142776;0.81378554;0.815637463;0.917884744;0.819321792;0.885593151;0;0.894397641;0.841529806;33
Homo_neand6;0.946876205;0.966952708;0.94905786;0.957003454;0.970249701;0.966321019;0.957667356;0.960443299;0.965549851;0.934933501;0.894397641;0;0.970164675;33
Homo.sapiens6;0.96675135;0.985121671;0.963659391;0.97122493;0.93164512;0.981108558;0.988027244;0.934675567;0.983960316;0.939359585;0.841529806;0.970164675;0;33
Ursus.spelaeus7;0;0.974120148;0.959542605;0.957730638;0.892773899;0.976623686;0.982713997;0.908586439;0.975395336;0.909286436;0.790650639;0.947008982;0.967867134;34
Ursus.arctos7;0.974120148;0;0.963515389;0.968843139;0.930814519;0.985046821;0.990611478;0.935537109;0.989190797;0.933767182;0.842759807;0.966803068;0.985733319;34
Panthera.spelaea7;0.959542605;0.963515389;0;0.976572123;0.904597543;0.954473437;0.964969061;0.940421419;0.947854843;0.947502023;0.856009847;0.949748506;0.962501311;34
Panthera.leo7;0.957730638;0.968843139;0.976572123;0;0.927043441;0.96202305;0.97034093;0.954313;0.951709307;0.968613871;0.870344493;0.956936533;0.970705414;34
Panthera.pardus7;0.892773899;0.930814519;0.904597543;0.927043441;0;0.921804176;0.910077373;0.947953702;0.925961948;0.911260867;0.936662997;0.970113331;0.932031204;34
Crocuta.crocuta7;0.976623686;0.985046821;0.954473437;0.96202305;0.921804176;0;0.984100513;0.919775853;0.982179289;0.92337573;0.815160203;0.966011905;0.981762921;34
Canis.lupus7;0.982713997;0.990611478;0.964969061;0.97034093;0.910077373;0.984100513;0;0.921531626;0.990263646;0.92735752;0.816775599;0.95744422;0.988357647;34
Meles.meles7;0.908586439;0.935537109;0.940421419;0.954313;0.947953702;0.919775853;0.921531626;0;0.914524505;0.956766149;0.918385458;0.961417999;0.93348906;34
Vulpes.vulpes7;0.975395336;0.989190797;0.947854843;0.951709307;0.925961948;0.982179289;0.990263646;0.914524505;0;0.907120453;0.818402478;0.964697345;0.984787804;34
Vulpes.lagopus7;0.909286436;0.933767182;0.947502023;0.968613871;0.911260867;0.92337573;0.92735752;0.956766149;0.907120453;0;0.887488277;0.935524923;0.93753175;34
Felis.silvestris7;0.790650639;0.842759807;0.856009847;0.870344493;0.936662997;0.815160203;0.816775599;0.918385458;0.818402478;0.887488277;0;0.895647208;0.84133402;34
Homo_neand7;0.947008982;0.966803068;0.949748506;0.956936533;0.970113331;0.966011905;0.95744422;0.961417999;0.964697345;0.935524923;0.895647208;0;0.969972806;34
Homo.sapiens7;0.967867134;0.985733319;0.962501311;0.970705414;0.932031204;0.981762921;0.988357647;0.93348906;0.984787804;0.93753175;0.84133402;0.969972806;0;34
Ursus.spelaeus8;0;0.973204477;0.960083553;0.957557831;0.889623973;0.977100205;0.983705207;0.908003314;0.97561469;0.90744436;0.793542076;0.946787539;0.969396622;35
Ursus.arctos8;0.973204477;0;0.962095795;0.967325436;0.931019139;0.985288181;0.989852375;0.935465671;0.988834436;0.931874211;0.848622187;0.967940172;0.986383731;35
Panthera.spelaea8;0.960083553;0.962095795;0;0.977834799;0.901699899;0.955180074;0.965596473;0.940554213;0.947681481;0.945915176;0.859500549;0.949002935;0.962037857;35
Panthera.leo8;0.957557831;0.967325436;0.977834799;0;0.922798547;0.962262189;0.969952567;0.952548666;0.950775762;0.966854528;0.870350779;0.954930558;0.96981217;35
Panthera.pardus8;0.889623973;0.931019139;0.901699899;0.922798547;0;0.92213622;0.907152303;0.945272963;0.924771655;0.908869167;0.939112157;0.969595349;0.933033132;35
Crocuta.crocuta8;0.977100205;0.985288181;0.955180074;0.962262189;0.92213622;0;0.984664913;0.920768845;0.982516155;0.924116453;0.824233455;0.966988214;0.982431453;35
Canis.lupus8;0.983705207;0.989852375;0.965596473;0.969952567;0.907152303;0.984664913;0;0.92001527;0.990211234;0.924568263;0.817727302;0.957338917;0.988755418;35
Meles.meles8;0.908003314;0.935465671;0.940554213;0.952548666;0.945272963;0.920768845;0.92001527;0;0.914109388;0.956169077;0.919594903;0.959970967;0.932325497;35
Vulpes.vulpes8;0.97561469;0.988834436;0.947681481;0.950775762;0.924771655;0.982516155;0.990211234;0.914109388;0;0.905519107;0.821864074;0.96586859;0.986040876;35
Vulpes.lagopus8;0.90744436;0.931874211;0.945915176;0.966854528;0.908869167;0.924116453;0.924568263;0.956169077;0.905519107;0;0.887223445;0.934986636;0.935765919;35
Felis.silvestris8;0.793542076;0.848622187;0.859500549;0.870350779;0.939112157;0.824233455;0.817727302;0.919594903;0.821864074;0.887223445;0;0.89995041;0.846980818;35
Homo_neand8;0.946787539;0.967940172;0.949002935;0.954930558;0.969595349;0.966988214;0.957338917;0.959970967;0.96586859;0.934986636;0.89995041;0;0.971116232;35
Homo.sapiens8;0.969396622;0.986383731;0.962037857;0.96981217;0.933033132;0.982431453;0.988755418;0.932325497;0.986040876;0.935765919;0.846980818;0.971116232;0;35
Ursus.spelaeus9;0;0.972846009;0.96035954;0.957643458;0.890634586;0.977246779;0.983977044;0.908918327;0.975736304;0.906855998;0.797436141;0.94747569;0.969685401;36
Ursus.arctos9;0.972846009;0;0.961559012;0.967040432;0.932264006;0.985287783;0.989694667;0.936140137;0.988936329;0.93171481;0.852410328;0.968559101;0.986490591;36
Panthera.spelaea9;0.96035954;0.961559012;0;0.978038745;0.902528399;0.955669901;0.965853874;0.940553992;0.948207263;0.945677035;0.862644764;0.950249177;0.961932984;36
Panthera.leo9;0.957643458;0.967040432;0.978038745;0;0.922390756;0.962828483;0.97008994;0.952258426;0.951370512;0.965945693;0.871565434;0.955124597;0.969830829;36
Panthera.pardus9;0.890634586;0.932264006;0.902528399;0.922390756;0;0.923666156;0.907713124;0.944659513;0.925718208;0.908134522;0.940377838;0.969612553;0.933800231;36
Crocuta.crocuta9;0.977246779;0.985287783;0.955669901;0.962828483;0.923666156;0;0.985043579;0.92187289;0.982571946;0.924806089;0.8296348;0.967554219;0.982492246;36
Canis.lupus9;0.983977044;0.989694667;0.965853874;0.97008994;0.907713124;0.985043579;0;0.920405405;0.99041352;0.924183121;0.820756804;0.958032836;0.989152105;36
Meles.meles9;0.908918327;0.936140137;0.940553992;0.952258426;0.944659513;0.92187289;0.920405405;0;0.915288318;0.955470518;0.920015218;0.959592667;0.93160172;36
Vulpes.vulpes9;0.975736304;0.988936329;0.948207263;0.951370512;0.925718208;0.982571946;0.99041352;0.915288318;0;0.905968005;0.826030969;0.966416209;0.986541322;36
Vulpes.lagopus9;0.906855998;0.93171481;0.945677035;0.965945693;0.908134522;0.924806089;0.924183121;0.955470518;0.905968005;0;0.887053186;0.93562365;0.9354103;36
Felis.silvestris9;0.797436141;0.852410328;0.862644764;0.871565434;0.940377838;0.8296348;0.820756804;0.920015218;0.826030969;0.887053186;0;0.90309651;0.850375733;36
Homo_neand9;0.94747569;0.968559101;0.950249177;0.955124597;0.969612553;0.967554219;0.958032836;0.959592667;0.966416209;0.93562365;0.90309651;0;0.971262532;36
Homo.sapiens9;0.969685401;0.986490591;0.961932984;0.969830829;0.933800231;0.982492246;0.989152105;0.93160172;0.986541322;0.9354103;0.850375733;0.971262532;0;36
Ursus.spelaeus10;0;0.971325259;0.960966784;0.956954014;0.888988383;0.976653264;0.983969601;0.908674523;0.975644688;0.901534125;0.802505338;0.947296768;0.968911981;37
Ursus.arctos10;0.971325259;0;0.960508603;0.96481748;0.933669395;0.985104917;0.98882209;0.937254332;0.988855889;0.92839702;0.859416052;0.970020728;0.98682712;37
Panthera.spelaea10;0.960966784;0.960508603;0;0.978882691;0.899855605;0.955909503;0.966806274;0.94058227;0.948549028;0.941413315;0.865026687;0.949510732;0.961184893;37
Panthera.leo10;0.956954014;0.96481748;0.978882691;0;0.919035641;0.961781342;0.969588879;0.95086595;0.950261691;0.962552651;0.873447746;0.952967489;0.968317784;37
Panthera.pardus10;0.888988383;0.933669395;0.899855605;0.919035641;0;0.924796478;0.906923109;0.942027847;0.925725858;0.90686561;0.942806987;0.969266936;0.935434154;37
Crocuta.crocuta10;0.976653264;0.985104917;0.955909503;0.961781342;0.924796478;0;0.984935372;0.923362615;0.982890624;0.921988724;0.837659091;0.969130827;0.98267999;37
Canis.lupus10;0.983969601;0.98882209;0.966806274;0.969588879;0.906923109;0.984935372;0;0.920786342;0.990261736;0.919719455;0.825663537;0.958777134;0.988715227;37
Meles.meles10;0.908674523;0.937254332;0.94058227;0.95086595;0.942027847;0.923362615;0.920786342;0;0.915871003;0.954989419;0.920688379;0.957503382;0.931345191;37
Vulpes.vulpes10;0.975644688;0.988855889;0.948549028;0.950261691;0.925725858;0.982890624;0.990261736;0.915871003;0;0.902393904;0.832097802;0.967785442;0.986909606;37
Vulpes.lagopus10;0.901534125;0.92839702;0.941413315;0.962552651;0.90686561;0.921988724;0.919719455;0.954989419;0.902393904;0;0.889573349;0.933237328;0.931684959;37
Felis.silvestris10;0.802505338;0.859416052;0.865026687;0.873447746;0.942806987;0.837659091;0.825663537;0.920688379;0.832097802;0.889573349;0;0.906538721;0.857026545;37
Homo_neand10;0.947296768;0.970020728;0.949510732;0.952967489;0.969266936;0.969130827;0.958777134;0.957503382;0.967785442;0.933237328;0.906538721;0;0.972459418;37
Homo.sapiens10;0.968911981;0.98682712;0.961184893;0.968317784;0.935434154;0.98267999;0.988715227;0.931345191;0.986909606;0.931684959;0.857026545;0.972459418;0;37
Ursus.spelaeus11;0;0.970371192;0.961885463;0.95665279;0.890746206;0.976110961;0.983639429;0.910846556;0.975989781;0.895876387;0.81194112;0.948061691;0.968080071;38
Ursus.arctos11;0.970371192;0;0.959336862;0.962242569;0.936558274;0.985173937;0.988490011;0.939290338;0.988794801;0.924460168;0.868575888;0.971549495;0.987533765;38
Panthera.spelaea11;0.961885463;0.959336862;0;0.980287551;0.898895086;0.956167029;0.967741996;0.941777413;0.949066055;0.935796321;0.869937197;0.948950497;0.960606344;38
Panthera.leo11;0.95665279;0.962242569;0.980287551;0;0.916737545;0.960038302;0.968758699;0.950738295;0.948899076;0.958880611;0.877614835;0.950850604;0.966652037;38
Panthera.pardus11;0.890746206;0.936558274;0.898895086;0.916737545;0;0.92721734;0.909133853;0.939783322;0.927581788;0.905586499;0.945105762;0.969623914;0.938116554;38
Crocuta.crocuta11;0.976110961;0.985173937;0.956167029;0.960038302;0.92721734;0;0.984836291;0.926056185;0.9831318;0.918094482;0.848033752;0.970886868;0.982772912;38
Canis.lupus11;0.983639429;0.988490011;0.967741996;0.968758699;0.909133853;0.984836291;0;0.923452768;0.990435321;0.915196612;0.834533649;0.96044305;0.988747388;38
Meles.meles11;0.910846556;0.939290338;0.941777413;0.950738295;0.939783322;0.926056185;0.923452768;0;0.91829556;0.954451522;0.920866165;0.955198646;0.933211151;38
Vulpes.vulpes11;0.975989781;0.988794801;0.949066055;0.948899076;0.927581788;0.9831318;0.990435321;0.91829556;0;0.897941381;0.840296515;0.969636005;0.98688371;38
Vulpes.lagopus11;0.895876387;0.924460168;0.935796321;0.958880611;0.905586499;0.918094482;0.915196612;0.954451522;0.897941381;0;0.892595596;0.929568402;0.928429199;38
Felis.silvestris11;0.81194112;0.868575888;0.869937197;0.877614835;0.945105762;0.848033752;0.834533649;0.920866165;0.840296515;0.892595596;0;0.910371373;0.865963492;38
Homo_neand11;0.948061691;0.971549495;0.948950497;0.950850604;0.969623914;0.970886868;0.96044305;0.955198646;0.969636005;0.929568402;0.910371373;0;0.973582035;38
Homo.sapiens11;0.968080071;0.987533765;0.960606344;0.966652037;0.938116554;0.982772912;0.988747388;0.933211151;0.98688371;0.928429199;0.865963492;0.973582035;0;38
Ursus.spelaeus12;0;0.971236529;0.960722425;0.957426424;0.892581437;0.976727716;0.983346615;0.912076818;0.976418977;0.903018945;0.808041754;0.949395571;0.96891557;39
Ursus.arctos12;0.971236529;0;0.960776916;0.965263649;0.935202272;0.985208767;0.989414247;0.939640901;0.989095292;0.929297277;0.86303397;0.971666207;0.987287264;39
Panthera.spelaea12;0.960722425;0.960776916;0;0.978828048;0.899832929;0.955662107;0.967746495;0.943179347;0.949427898;0.941801663;0.869554348;0.949559277;0.959972183;39
Panthera.leo12;0.957426424;0.965263649;0.978828048;0;0.919144358;0.961644484;0.970528743;0.953473618;0.951438453;0.963083892;0.877118921;0.953386457;0.967754523;39
Panthera.pardus12;0.892581437;0.935202272;0.899832929;0.919144358;0;0.926226928;0.909853528;0.941444426;0.927818335;0.905945738;0.940184402;0.969606105;0.93673741;39
Crocuta.crocuta12;0.976727716;0.985208767;0.955662107;0.961644484;0.926226928;0;0.9850702;0.925506496;0.983142401;0.921258529;0.840044581;0.970530624;0.982860567;39
Canis.lupus12;0.983346615;0.989414247;0.967746495;0.970528743;0.909853528;0.9850702;0;0.925603581;0.990532918;0.921987625;0.832983359;0.960831147;0.988724582;39
Meles.meles12;0.912076818;0.939640901;0.943179347;0.953473618;0.941444426;0.925506496;0.925603581;0;0.919366883;0.957926273;0.921557458;0.957669781;0.933268287;39
Vulpes.vulpes12;0.976418977;0.989095292;0.949427898;0.951438453;0.927818335;0.983142401;0.990532918;0.919366883;0;0.904049823;0.836636891;0.969746889;0.98727177;39
Vulpes.lagopus12;0.903018945;0.929297277;0.941801663;0.963083892;0.905945738;0.921258529;0.921987625;0.957926273;0.904049823;0;0.893544922;0.932075809;0.930999518;39
Felis.silvestris12;0.808041754;0.86303397;0.869554348;0.877118921;0.940184402;0.840044581;0.832983359;0.921557458;0.836636891;0.893544922;0;0.90522126;0.859549478;39
Homo_neand12;0.949395571;0.971666207;0.949559277;0.953386457;0.969606105;0.970530624;0.960831147;0.957669781;0.969746889;0.932075809;0.90522126;0;0.973520633;39
Homo.sapiens12;0.96891557;0.987287264;0.959972183;0.967754523;0.93673741;0.982860567;0.988724582;0.933268287;0.98727177;0.930999518;0.859549478;0.973520633;0;39
Ursus.spelaeus13;0;0.972387812;0.959863676;0.957782274;0.896221615;0.97679975;0.982490457;0.914263409;0.975926234;0.907775971;0.804954384;0.950878766;0.968488252;40
Ursus.arctos13;0.972387812;0;0.962447915;0.968275499;0.935290373;0.984762556;0.990400498;0.941223703;0.989720072;0.933393486;0.857735464;0.971388758;0.986406491;40
Panthera.spelaea13;0.959863676;0.962447915;0;0.977491769;0.902028973;0.954747363;0.967683172;0.944389759;0.949511852;0.946337903;0.867704048;0.950222228;0.960189228;40
Panthera.leo13;0.957782274;0.968275499;0.977491769;0;0.923111319;0.962611606;0.972372754;0.956559204;0.953541712;0.966653102;0.876735472;0.956654278;0.969635442;40
Panthera.pardus13;0.896221615;0.935290373;0.902028973;0.923111319;0;0.92547276;0.912862967;0.943989958;0.929770525;0.906684191;0.935527868;0.96964416;0.935650434;40
Crocuta.crocuta13;0.97679975;0.984762556;0.954747363;0.962611606;0.92547276;0;0.98457834;0.9248683;0.982610154;0.922599057;0.830249964;0.969571966;0.982210897;40
Canis.lupus13;0.982490457;0.990400498;0.967683172;0.972372754;0.912862967;0.98457834;0;0.929571888;0.990411313;0.928502389;0.832866328;0.961981627;0.988626782;40
Meles.meles13;0.914263409;0.941223703;0.944389759;0.956559204;0.943989958;0.9248683;0.929571888;0;0.921667082;0.96001623;0.922091888;0.95996194;0.935198611;40
Vulpes.vulpes13;0.975926234;0.989720072;0.949511852;0.953541712;0.929770525;0.982610154;0.990411313;0.921667082;0;0.908421782;0.833751399;0.969691101;0.986600782;40
Vulpes.lagopus13;0.907775971;0.933393486;0.946337903;0.966653102;0.906684191;0.922599057;0.928502389;0.96001623;0.908421782;0;0.893294901;0.933031277;0.934173294;40
Felis.silvestris13;0.804954384;0.857735464;0.867704048;0.876735472;0.935527868;0.830249964;0.832866328;0.922091888;0.833751399;0.893294901;0;0.899931306;0.853240065;40
Homo_neand13;0.950878766;0.971388758;0.950222228;0.956654278;0.96964416;0.969571966;0.961981627;0.95996194;0.969691101;0.933031277;0.899931306;0;0.973137355;40
Homo.sapiens13;0.968488252;0.986406491;0.960189228;0.969635442;0.935650434;0.982210897;0.988626782;0.935198611;0.986600782;0.934173294;0.853240065;0.973137355;0;40
Ursus.spelaeus14;0;0.971303583;0.960034862;0.957100817;0.894589751;0.976548531;0.982873283;0.914693941;0.976772246;0.901531681;0.812407103;0.9505625;0.968025976;41
Ursus.arctos14;0.971303583;0;0.960439173;0.965028456;0.936881098;0.984589833;0.989343475;0.943584055;0.989500647;0.929293374;0.866738189;0.972871345;0.987014869;41
Panthera.spelaea14;0.960034862;0.960439173;0;0.978402774;0.89869238;0.954985601;0.968538764;0.944657559;0.950028947;0.940430563;0.871275449;0.948822449;0.959890374;41
Panthera.leo14;0.957100817;0.965028456;0.978402774;0;0.918195461;0.960905572;0.971429424;0.955521115;0.951555872;0.96280728;0.880102473;0.95275388;0.967632021;41
Panthera.pardus14;0.894589751;0.936881098;0.89869238;0.918195461;0;0.926185556;0.911606489;0.941234575;0.930047099;0.90424011;0.939431366;0.969013681;0.936911534;41
Crocuta.crocuta14;0.976548531;0.984589833;0.954985601;0.960905572;0.926185556;0;0.984518161;0.927815078;0.982834738;0.918530963;0.840657901;0.971750904;0.982664314;41
Canis.lupus14;0.982873283;0.989343475;0.968538764;0.971429424;0.911606489;0.984518161;0;0.931253051;0.990256152;0.92328122;0.839276335;0.962454403;0.988313097;41
Meles.meles14;0.914693941;0.943584055;0.944657559;0.955521115;0.941234575;0.927815078;0.931253051;0;0.92408794;0.959503598;0.922601419;0.957242521;0.936911295;41
Vulpes.vulpes14;0.976772246;0.989500647;0.950028947;0.951555872;0.930047099;0.982834738;0.990256152;0.92408794;0;0.903854237;0.842292981;0.971576641;0.986669456;41
Vulpes.lagopus14;0.901531681;0.929293374;0.940430563;0.96280728;0.90424011;0.918530963;0.92328122;0.959503598;0.903854237;0;0.896244806;0.928805705;0.930328121;41
Felis.silvestris14;0.812407103;0.866738189;0.871275449;0.880102473;0.939431366;0.840657901;0.839276335;0.922601419;0.842292981;0.896244806;0;0.903476829;0.862002592;41
Homo_neand14;0.9505625;0.972871345;0.948822449;0.95275388;0.969013681;0.971750904;0.962454403;0.957242521;0.971576641;0.928805705;0.903476829;0;0.974549286;41
Homo.sapiens14;0.968025976;0.987014869;0.959890374;0.967632021;0.936911534;0.982664314;0.988313097;0.936911295;0.986669456;0.930328121;0.862002592;0.974549286;0;41
Ursus.spelaeus15;0;0.971409734;0.959665876;0.957029381;0.895512341;0.976527708;0.982617815;0.915203926;0.976965997;0.901002302;0.814471955;0.95122551;0.967711824;42
Ursus.arctos15;0.971409734;0;0.960317812;0.965154363;0.937445555;0.984682296;0.989407025;0.944675315;0.989592951;0.929073765;0.868488793;0.973557429;0.987052763;42
Panthera.spelaea15;0.959665876;0.960317812;0;0.978355884;0.89788421;0.954921824;0.969066125;0.944530057;0.950623677;0.939749115;0.870992397;0.948824535;0.960847839;42
Panthera.leo15;0.957029381;0.965154363;0.978355884;0;0.917789559;0.960701935;0.971961644;0.956039254;0.951947591;0.962880927;0.881532444;0.952907908;0.968199916;42
Panthera.pardus15;0.895512341;0.937445555;0.89788421;0.917789559;0;0.926618403;0.912388348;0.940800201;0.931058148;0.902918035;0.939196587;0.968745059;0.937118134;42
Crocuta.crocuta15;0.976527708;0.984682296;0.954921824;0.960701935;0.926618403;0;0.984412558;0.928233425;0.983091846;0.917340386;0.841807758;0.972682414;0.982571989;42
Canis.lupus15;0.982617815;0.989407025;0.969066125;0.971961644;0.912388348;0.984412558;0;0.932969714;0.990191626;0.923956541;0.842051594;0.963465324;0.988363415;42
Meles.meles15;0.915203926;0.944675315;0.944530057;0.956039254;0.940800201;0.928233425;0.932969714;0;0.925544641;0.959625794;0.922883239;0.956575918;0.938532095;42
Vulpes.vulpes15;0.976965997;0.989592951;0.950623677;0.951947591;0.931058148;0.983091846;0.990191626;0.925544641;0;0.903674935;0.844728927;0.972562993;0.986488118;42
Vulpes.lagopus15;0.901002302;0.929073765;0.939749115;0.962880927;0.902918035;0.917340386;0.923956541;0.959625794;0.903674935;0;0.896826982;0.927251334;0.930838004;42
Felis.silvestris15;0.814471955;0.868488793;0.870992397;0.881532444;0.939196587;0.841807758;0.842051594;0.922883239;0.844728927;0.896826982;0;0.902708486;0.864019284;42
Homo_neand15;0.95122551;0.973557429;0.948824535;0.952907908;0.968745059;0.972682414;0.963465324;0.956575918;0.972562993;0.927251334;0.902708486;0;0.97515815;42
Homo.sapiens15;0.967711824;0.987052763;0.960847839;0.968199916;0.937118134;0.982571989;0.988363415;0.938532095;0.986488118;0.930838004;0.864019284;0.97515815;0;42
Ursus.spelaeus16;0;0.970753022;0.960354196;0.95655329;0.895454448;0.975978391;0.982420556;0.915882135;0.977229974;0.89556592;0.819528329;0.950959266;0.966769078;43
Ursus.arctos16;0.970753022;0;0.960057888;0.963069094;0.939209754;0.984489933;0.988888906;0.94612788;0.98952077;0.925491065;0.875036598;0.974306218;0.987156353;43
Panthera.spelaea16;0.960354196;0.960057888;0;0.979615208;0.897181227;0.955665736;0.970645707;0.945088574;0.952093026;0.935368179;0.873441746;0.948256926;0.962132129;43
Panthera.leo16;0.95655329;0.963069094;0.979615208;0;0.915276042;0.959710971;0.971685837;0.955624038;0.950937102;0.959960764;0.884026012;0.95096409;0.967793918;43
Panthera.pardus16;0.895454448;0.939209754;0.897181227;0.915276042;0;0.927980082;0.913376059;0.939106408;0.932431001;0.901196817;0.941819024;0.968765219;0.939081658;43
Crocuta.crocuta16;0.975978391;0.984489933;0.955665736;0.959710971;0.927980082;0;0.984353985;0.929889842;0.983493262;0.913697562;0.848542506;0.974171689;0.982428832;43
Canis.lupus16;0.982420556;0.988888906;0.970645707;0.971685837;0.913376059;0.984353985;0;0.935179317;0.990187688;0.92052519;0.848474768;0.964515033;0.988289872;43
Meles.meles16;0.915882135;0.94612788;0.945088574;0.955624038;0.939106408;0.929889842;0.935179317;0;0.927407637;0.959034013;0.92357838;0.954602795;0.941345328;43
Vulpes.vulpes16;0.977229974;0.98952077;0.952093026;0.950937102;0.932431001;0.983493262;0.990187688;0.927407637;0;0.900061746;0.851373121;0.97405333;0.986155335;43
Vulpes.lagopus16;0.89556592;0.925491065;0.935368179;0.959960764;0.901196817;0.913697562;0.92052519;0.959034013;0.900061746;0;0.898638396;0.923565273;0.9294332;43
Felis.silvestris16;0.819528329;0.875036598;0.873441746;0.884026012;0.941819024;0.848542506;0.848474768;0.92357838;0.851373121;0.898638396;0;0.905205162;0.872226259;43
Homo_neand16;0.950959266;0.974306218;0.948256926;0.95096409;0.968765219;0.974171689;0.964515033;0.954602795;0.97405333;0.923565273;0.905205162;0;0.97629219;43
Homo.sapiens16;0.966769078;0.987156353;0.962132129;0.967793918;0.939081658;0.982428832;0.988289872;0.941345328;0.986155335;0.9294332;0.872226259;0.97629219;0;43
Ursus.spelaeus17;0;0.970778147;0.960353287;0.956619887;0.896049046;0.976125794;0.982355424;0.916217445;0.977384881;0.895410854;0.820935368;0.951737572;0.966621467;44
Ursus.arctos17;0.970778147;0;0.960186705;0.962980486;0.939716579;0.984490951;0.988847431;0.94684578;0.989508813;0.925563179;0.876937345;0.974850404;0.987128956;44
Panthera.spelaea17;0.960353287;0.960186705;0;0.979810843;0.896544681;0.955970193;0.971505611;0.944609811;0.952629809;0.935340732;0.873722037;0.948117177;0.963065575;44
Panthera.leo17;0.956619887;0.962980486;0.979810843;0;0.914805074;0.959596338;0.972178221;0.955760958;0.951008674;0.96010093;0.884867986;0.951069046;0.968299994;44
Panthera.pardus17;0.896049046;0.939716579;0.896544681;0.914805074;0;0.928389526;0.913902843;0.938863494;0.933279991;0.900223452;0.941944578;0.968487546;0.939289127;44
Crocuta.crocuta17;0.976125794;0.984490951;0.955970193;0.959596338;0.928389526;0;0.984238195;0.930252676;0.983459716;0.913162255;0.849899646;0.974997283;0.982227685;44
Canis.lupus17;0.982355424;0.988847431;0.971505611;0.972178221;0.913902843;0.984238195;0;0.936573368;0.989948565;0.921365651;0.850995285;0.965224261;0.988359444;44
Meles.meles17;0.916217445;0.94684578;0.944609811;0.955760958;0.938863494;0.930252676;0.936573368;0;0.928151057;0.959312849;0.923857628;0.953870098;0.942714042;44
Vulpes.vulpes17;0.977384881;0.989508813;0.952629809;0.951008674;0.933279991;0.983459716;0.989948565;0.928151057;0;0.900199961;0.85390651;0.974790597;0.985970751;44
Vulpes.lagopus17;0.895410854;0.925563179;0.935340732;0.96010093;0.900223452;0.913162255;0.921365651;0.959312849;0.900199961;0;0.898695156;0.92251881;0.930364823;44
Felis.silvestris17;0.820935368;0.876937345;0.873722037;0.884867986;0.941944578;0.849899646;0.850995285;0.923857628;0.85390651;0.898695156;0;0.90499268;0.87456052;44
Homo_neand17;0.951737572;0.974850404;0.948117177;0.951069046;0.968487546;0.974997283;0.965224261;0.953870098;0.974790597;0.92251881;0.90499268;0;0.976637729;44
Homo.sapiens17;0.966621467;0.987128956;0.963065575;0.968299994;0.939289127;0.982227685;0.988359444;0.942714042;0.985970751;0.930364823;0.87456052;0.976637729;0;44
Ursus.spelaeus18;0;0.970356884;0.962028741;0.95500622;0.897477643;0.975490526;0.982595776;0.916224042;0.978500325;0.883646137;0.831596314;0.951764351;0.965254493;45
Ursus.arctos18;0.970356884;0;0.959836797;0.958907988;0.942289446;0.984667675;0.988023558;0.947384142;0.989219523;0.918767744;0.888453494;0.975516871;0.986759103;45
Panthera.spelaea18;0.962028741;0.959836797;0;0.981477352;0.897274517;0.957688537;0.974341909;0.944027314;0.954700638;0.925547373;0.87861293;0.947915032;0.966187209;45
Panthera.leo18;0.95500622;0.958907988;0.981477352;0;0.912714356;0.957312519;0.971381817;0.954312254;0.948546523;0.954085861;0.890172626;0.94799921;0.968047844;45
Panthera.pardus18;0.897477643;0.942289446;0.897274517;0.912714356;0;0.931378262;0.916296952;0.936107204;0.934803678;0.89900674;0.947418228;0.96886645;0.942071245;45
Crocuta.crocuta18;0.975490526;0.984667675;0.957688537;0.957312519;0.931378262;0;0.983973314;0.93171802;0.983902894;0.906608776;0.86343723;0.976355808;0.981950815;45
Canis.lupus18;0.982595776;0.988023558;0.974341909;0.971381817;0.916296952;0.983973314;0;0.939318854;0.989818566;0.914493459;0.863646622;0.96665481;0.988042866;45
Meles.meles18;0.916224042;0.947384142;0.944027314;0.954312254;0.936107204;0.93171802;0.939318854;0;0.928755445;0.957724826;0.924228227;0.950583922;0.94612701;45
Vulpes.vulpes18;0.978500325;0.989219523;0.954700638;0.948546523;0.934803678;0.983902894;0.989818566;0.928755445;0;0.891987571;0.864897578;0.976046419;0.98449158;45
Vulpes.lagopus18;0.883646137;0.918767744;0.925547373;0.954085861;0.89900674;0.906608776;0.914493459;0.957724826;0.891987571;0;0.902508838;0.916280287;0.928332517;45
Felis.silvestris18;0.831596314;0.888453494;0.87861293;0.890172626;0.947418228;0.86343723;0.863646622;0.924228227;0.864897578;0.902508838;0;0.911371204;0.888952863;45
Homo_neand18;0.951764351;0.975516871;0.947915032;0.94799921;0.96886645;0.976355808;0.96665481;0.950583922;0.976046419;0.916280287;0.911371204;0;0.977677188;45
Homo.sapiens18;0.965254493;0.986759103;0.966187209;0.968047844;0.942071245;0.981950815;0.988042866;0.94612701;0.98449158;0.928332517;0.888952863;0.977677188;0;45
Ursus.spelaeus19;0;0.970141803;0.963802952;0.952637173;0.901616424;0.974404574;0.982995248;0.914861302;0.980057259;0.865209207;0.843355742;0.952736806;0.963295718;46
Ursus.arctos19;0.970141803;0;0.959382668;0.954401915;0.946611424;0.985171192;0.98724288;0.947156844;0.9883726;0.909975473;0.90169141;0.976779893;0.985621121;46
Panthera.spelaea19;0.963802952;0.959382668;0;0.983300819;0.900692659;0.958821495;0.976872736;0.941387685;0.957109847;0.910281712;0.883367917;0.94875858;0.968973503;46
Panthera.leo19;0.952637173;0.954401915;0.983300819;0;0.914625713;0.954239189;0.970346643;0.952397765;0.946347079;0.94501652;0.89780758;0.946368115;0.96844768;46
Panthera.pardus19;0.901616424;0.946611424;0.900692659;0.914625713;0;0.936972296;0.922120454;0.934687247;0.937176307;0.898558291;0.953446304;0.969939754;0.947765489;46
Crocuta.crocuta19;0.974404574;0.985171192;0.958821495;0.954239189;0.936972296;0;0.983426939;0.93203472;0.984030657;0.897227657;0.878901777;0.978215695;0.981256276;46
Canis.lupus19;0.982995248;0.98724288;0.976872736;0.970346643;0.922120454;0.983426939;0;0.942207376;0.989930997;0.904699317;0.878918275;0.969429656;0.987218827;46
Meles.meles19;0.914861302;0.947156844;0.941387685;0.952397765;0.934687247;0.93203472;0.942207376;0;0.928847905;0.954829705;0.924279085;0.946513156;0.951974617;46
Vulpes.vulpes19;0.980057259;0.9883726;0.957109847;0.946347079;0.937176307;0.984030657;0.989930997;0.928847905;0;0.880110199;0.87669352;0.977591001;0.981458599;46
Vulpes.lagopus19;0.865209207;0.909975473;0.910281712;0.94501652;0.898558291;0.897227657;0.904699317;0.954829705;0.880110199;0;0.907698671;0.907138323;0.926541983;46
Felis.silvestris19;0.843355742;0.90169141;0.883367917;0.89780758;0.953446304;0.878901777;0.878918275;0.924279085;0.87669352;0.907698671;0;0.919107913;0.90825543;46
Homo_neand19;0.952736806;0.976779893;0.94875858;0.946368115;0.969939754;0.978215695;0.969429656;0.946513156;0.977591001;0.907138323;0.919107913;0;0.979557604;46
Homo.sapiens19;0.963295718;0.985621121;0.968973503;0.96844768;0.947765489;0.981256276;0.987218827;0.951974617;0.981458599;0.926541983;0.90825543;0.979557604;0;46
Ursus.spelaeus20;0;0.971032877;0.962599929;0.954953357;0.899694935;0.975451338;0.98278387;0.916450368;0.979380347;0.882406834;0.833870051;0.953113998;0.965471016;47
Ursus.arctos20;0.971032877;0;0.961186996;0.959122648;0.943297784;0.984553001;0.988282006;0.947601545;0.989102252;0.918157297;0.890553981;0.975809482;0.986677767;47
Panthera.spelaea20;0.962599929;0.961186996;0;0.981890522;0.898550992;0.95837936;0.975460376;0.943366096;0.955736596;0.925330495;0.879029734;0.94822154;0.96850273;47
Panthera.leo20;0.954953357;0.959122648;0.981890522;0;0.913717454;0.956838415;0.971483865;0.954643137;0.948156669;0.954865511;0.891727535;0.947946466;0.968896411;47
Panthera.pardus20;0.899694935;0.943297784;0.898550992;0.913717454;0;0.932654867;0.918127632;0.935953413;0.935315973;0.897605789;0.948053879;0.968707351;0.94289464;47
Crocuta.crocuta20;0.975451338;0.984553001;0.95837936;0.956838415;0.932654867;0;0.983489849;0.931102436;0.983524243;0.904653412;0.865198077;0.977097686;0.981204571;47
Canis.lupus20;0.98278387;0.988282006;0.975460376;0.971483865;0.918127632;0.983489849;0;0.940757217;0.989766353;0.91504685;0.866810282;0.967498422;0.988160737;47
Meles.meles20;0.916450368;0.947601545;0.943366096;0.954643137;0.935953413;0.931102436;0.940757217;0;0.929156777;0.957678065;0.923541628;0.948868554;0.948424991;47
Vulpes.vulpes20;0.979380347;0.989102252;0.955736596;0.948156669;0.935315973;0.983524243;0.989766353;0.929156777;0;0.890905083;0.866425196;0.97644318;0.983434261;47
Vulpes.lagopus20;0.882406834;0.918157297;0.925330495;0.954865511;0.897605789;0.904653412;0.91504685;0.957678065;0.890905083;0;0.902076711;0.913765602;0.930115554;47
Felis.silvestris20;0.833870051;0.890553981;0.879029734;0.891727535;0.948053879;0.865198077;0.866810282;0.923541628;0.866425196;0.902076711;0;0.910785317;0.892992968;47
Homo_neand20;0.953113998;0.975809482;0.94822154;0.947946466;0.968707351;0.977097686;0.967498422;0.948868554;0.97644318;0.913765602;0.910785317;0;0.977697143;47
Homo.sapiens20;0.965471016;0.986677767;0.96850273;0.968896411;0.94289464;0.981204571;0.988160737;0.948424991;0.983434261;0.930115554;0.892992968;0.977697143;0;47
Ursus.spelaeus21;0;0.97122582;0.962055516;0.955251405;0.898389286;0.975501694;0.982795683;0.915677737;0.978978729;0.888195903;0.828036369;0.953232387;0.965834417;48
Ursus.arctos21;0.97122582;0;0.961718139;0.960594231;0.941511792;0.984072764;0.988768185;0.947227922;0.989340678;0.921250412;0.884453909;0.975158829;0.986796682;48
Panthera.spelaea21;0.962055516;0.961718139;0;0.980993233;0.897692492;0.957703503;0.974540135;0.9427956;0.954700538;0.930601026;0.875743622;0.947937075;0.968048169;48
Panthera.leo21;0.955251405;0.960594231;0.980993233;0;0.913445569;0.957105193;0.971530582;0.955233688;0.948427291;0.958806473;0.888323921;0.948255006;0.96877086;48
Panthera.pardus21;0.898389286;0.941511792;0.897692492;0.913445569;0;0.930021624;0.916460079;0.93682034;0.934891563;0.896664992;0.946134596;0.968087565;0.940781871;48
Crocuta.crocuta21;0.975501694;0.984072764;0.957703503;0.957105193;0.930021624;0;0.98347197;0.92921861;0.983190452;0.906759316;0.857128139;0.976450188;0.980700631;48
Canis.lupus21;0.982795683;0.988768185;0.974540135;0.971530582;0.916460079;0.98347197;0;0.939857842;0.989588863;0.919201845;0.860441322;0.966695838;0.988348543;48
Meles.meles21;0.915677737;0.947227922;0.9427956;0.955233688;0.93682034;0.92921861;0.939857842;0;0.929384481;0.958111827;0.922463254;0.949014579;0.947579639;48
Vulpes.vulpes21;0.978978729;0.989340678;0.954700538;0.948427291;0.934891563;0.983190452;0.989588863;0.929384481;0;0.894807477;0.86177122;0.976364183;0.983846212;48
Vulpes.lagopus21;0.888195903;0.921250412;0.930601026;0.958806473;0.896664992;0.906759316;0.919201845;0.958111827;0.894807477;0;0.898960128;0.915153727;0.932129803;48
Felis.silvestris21;0.828036369;0.884453909;0.875743622;0.888323921;0.946134596;0.857128139;0.860441322;0.922463254;0.86177122;0.898960128;0;0.906527225;0.886494805;48
Homo_neand21;0.953232387;0.975158829;0.947937075;0.948255006;0.968087565;0.976450188;0.966695838;0.949014579;0.976364183;0.915153727;0.906527225;0;0.976698687;48
Homo.sapiens21;0.965834417;0.986796682;0.968048169;0.96877086;0.940781871;0.980700631;0.988348543;0.947579639;0.983846212;0.932129803;0.886494805;0.976698687;0;48
Ursus.spelaeus22;0;0.971519766;0.962017245;0.955423812;0.897407115;0.975822961;0.982803836;0.914828289;0.978608195;0.892537621;0.822401988;0.953561409;0.966202262;49
Ursus.arctos22;0.971519766;0;0.963158357;0.962117389;0.940141023;0.983737879;0.989256256;0.946543868;0.989606504;0.923833663;0.87917337;0.974990347;0.986855831;49
Panthera.spelaea22;0.962017245;0.963158357;0;0.980600612;0.897986563;0.957786423;0.974406857;0.94261946;0.9546295;0.935362408;0.872607584;0.948566329;0.968465522;49
Panthera.leo22;0.955423812;0.962117389;0.980600612;0;0.913887431;0.957346645;0.971619686;0.955531302;0.948600084;0.961918392;0.885566911;0.949243035;0.968752237;49
Panthera.pardus22;0.897407115;0.940141023;0.897986563;0.913887431;0;0.927787335;0.915428909;0.937673205;0.934097569;0.896150096;0.944381269;0.967513033;0.939090806;49
Crocuta.crocuta22;0.975822961;0.983737879;0.957786423;0.957346645;0.927787335;0;0.983286211;0.927082699;0.982857495;0.908246837;0.850057031;0.976008108;0.980221675;49
Canis.lupus22;0.982803836;0.989256256;0.974406857;0.971619686;0.915428909;0.983286211;0;0.938404583;0.989647669;0.92229223;0.854734521;0.966429229;0.988536745;49
Meles.meles22;0.914828289;0.946543868;0.94261946;0.955531302;0.937673205;0.927082699;0.938404583;0;0.928550361;0.958169851;0.92168486;0.949556857;0.94603282;49
Vulpes.vulpes22;0.978608195;0.989606504;0.9546295;0.948600084;0.934097569;0.982857495;0.989647669;0.928550361;0;0.89734855;0.856552882;0.975942311;0.984071411;49
Vulpes.lagopus22;0.892537621;0.923833663;0.935362408;0.961918392;0.896150096;0.908246837;0.92229223;0.958169851;0.89734855;0;0.896469054;0.916615155;0.9333291;49
Felis.silvestris22;0.822401988;0.87917337;0.872607584;0.885566911;0.944381269;0.850057031;0.854734521;0.92168486;0.856552882;0.896469054;0;0.902805248;0.880486959;49
Homo_neand22;0.953561409;0.974990347;0.948566329;0.949243035;0.967513033;0.976008108;0.966429229;0.949556857;0.975942311;0.916615155;0.902805248;0;0.976011979;49
Homo.sapiens22;0.966202262;0.986855831;0.968465522;0.968752237;0.939090806;0.980221675;0.988536745;0.94603282;0.984071411;0.9333291;0.880486959;0.976011979;0;49
Ursus.spelaeus23;0;0.9717067;0.962081714;0.954346726;0.897263238;0.975415025;0.982962652;0.914352635;0.978662287;0.888534106;0.824202241;0.953075163;0.965851119;50
Ursus.arctos23;0.9717067;0;0.963041168;0.960711836;0.940315537;0.983794812;0.989243981;0.946282753;0.989395136;0.92137614;0.880743787;0.975041862;0.987078201;50
Panthera.spelaea23;0.962081714;0.963041168;0;0.981015548;0.898712284;0.958000404;0.974405509;0.942657393;0.954189193;0.9322999;0.873832579;0.948603662;0.968711358;50
Panthera.leo23;0.954346726;0.960711836;0.981015548;0;0.914057316;0.956139411;0.97054732;0.955231653;0.946809112;0.960722004;0.886926321;0.948281782;0.968070363;50
Panthera.pardus23;0.897263238;0.940315537;0.898712284;0.914057316;0;0.928173203;0.916067475;0.936819834;0.933847736;0.896048149;0.946338977;0.967482481;0.940264953;50
Crocuta.crocuta23;0.975415025;0.983794812;0.958000404;0.956139411;0.928173203;0;0.983156555;0.927100764;0.982505204;0.905929786;0.852877868;0.975920228;0.979831071;50
Canis.lupus23;0.982962652;0.989243981;0.974405509;0.97054732;0.916067475;0.983156555;0;0.93855784;0.989467134;0.91942424;0.856684268;0.966675753;0.988335977;50
Meles.meles23;0.914352635;0.946282753;0.942657393;0.955231653;0.936819834;0.927100764;0.93855784;0;0.92781212;0.957861693;0.920639911;0.948707767;0.947056982;50
Vulpes.vulpes23;0.978662287;0.989395136;0.954189193;0.946809112;0.933847736;0.982505204;0.989467134;0.92781212;0;0.893689087;0.857587695;0.975825666;0.983398812;50
Vulpes.lagopus23;0.888534106;0.92137614;0.9322999;0.960722004;0.896048149;0.905929786;0.91942424;0.957861693;0.893689087;0;0.896704753;0.914967436;0.932372201;50
Felis.silvestris23;0.824202241;0.880743787;0.873832579;0.886926321;0.946338977;0.852877868;0.856684268;0.920639911;0.857587695;0.896704753;0;0.904645126;0.883944963;50
Homo_neand23;0.953075163;0.975041862;0.948603662;0.948281782;0.967482481;0.975920228;0.966675753;0.948707767;0.975825666;0.914967436;0.904645126;0;0.976239062;50
Homo.sapiens23;0.965851119;0.987078201;0.968711358;0.968070363;0.940264953;0.979831071;0.988335977;0.947056982;0.983398812;0.932372201;0.883944963;0.976239062;0;50
Ursus.spelaeus24;0;0.972075609;0.961643289;0.95311454;0.897939749;0.975238022;0.983113546;0.91341436;0.979307087;0.883335593;0.825835168;0.952799944;0.965479998;51
Ursus.arctos24;0.972075609;0;0.963062484;0.959668842;0.940825448;0.984174968;0.98944254;0.945173256;0.989514885;0.917936485;0.882337095;0.975152674;0.987113213;51
Panthera.spelaea24;0.961643289;0.963062484;0;0.981369;0.900330645;0.957682804;0.974206619;0.942651508;0.953878078;0.929357296;0.875409501;0.948690468;0.968302212;51
Panthera.leo24;0.95311454;0.959668842;0.981369;0;0.915654942;0.955060179;0.969524032;0.954941856;0.945683271;0.959288866;0.888971761;0.948081721;0.967428437;51
Panthera.pardus24;0.897939749;0.940825448;0.900330645;0.915654942;0;0.929403594;0.917599739;0.936008302;0.933463948;0.896710489;0.948080829;0.968048226;0.942427415;51
Crocuta.crocuta24;0.975238022;0.984174968;0.957682804;0.955060179;0.929403594;0;0.98305222;0.926714079;0.982647877;0.902998745;0.855998801;0.975803932;0.979526776;51
Canis.lupus24;0.983113546;0.98944254;0.974206619;0.969524032;0.917599739;0.98305222;0;0.938345867;0.989720503;0.915902699;0.859090642;0.967216862;0.987949023;51
Meles.meles24;0.91341436;0.945173256;0.942651508;0.954941856;0.936008302;0.926714079;0.938345867;0;0.926592173;0.956987027;0.919750811;0.94796737;0.94748284;51
Vulpes.vulpes24;0.979307087;0.989514885;0.953878078;0.945683271;0.933463948;0.982647877;0.989720503;0.926592173;0;0.889704714;0.858123663;0.975540051;0.982872026;51
Vulpes.lagopus24;0.883335593;0.917936485;0.929357296;0.959288866;0.896710489;0.902998745;0.915902699;0.956987027;0.889704714;0;0.897823578;0.913553867;0.930385881;51
Felis.silvestris24;0.825835168;0.882337095;0.875409501;0.888971761;0.948080829;0.855998801;0.859090642;0.919750811;0.858123663;0.897823578;0;0.90669818;0.887605387;51
Homo_neand24;0.952799944;0.975152674;0.948690468;0.948081721;0.968048226;0.975803932;0.967216862;0.94796737;0.975540051;0.913553867;0.90669818;0;0.976716614;51
Homo.sapiens24;0.965479998;0.987113213;0.968302212;0.967428437;0.942427415;0.979526776;0.987949023;0.94748284;0.982872026;0.930385881;0.887605387;0.976716614;0;51
Ursus.spelaeus25;0;0.971869944;0.961377146;0.951197341;0.898321935;0.974696547;0.983198552;0.911925419;0.9793447;0.874363648;0.829461354;0.951957586;0.964453783;52
Ursus.arctos25;0.971869944;0;0.961931216;0.957057001;0.942281079;0.984456426;0.989101767;0.944264353;0.989095744;0.912693255;0.887010689;0.975159707;0.986686825;52
Panthera.spelaea25;0.961377146;0.961931216;0;0.981923126;0.901258564;0.957581445;0.974084639;0.942065683;0.952879399;0.922749989;0.877108179;0.948148335;0.967933512;52
Panthera.leo25;0.951197341;0.957057001;0.981923126;0;0.916717923;0.953396214;0.968082776;0.953968177;0.943056599;0.955852434;0.892099336;0.947111558;0.966392907;52
Panthera.pardus25;0.898321935;0.942281079;0.901258564;0.916717923;0;0.93139865;0.919559296;0.934880936;0.933287546;0.89709764;0.951274864;0.968694335;0.945170685;52
Crocuta.crocuta25;0.974696547;0.984456426;0.957581445;0.953396214;0.93139865;0;0.98286403;0.926630402;0.982401513;0.899132579;0.862943258;0.975754306;0.979471221;52
Canis.lupus25;0.983198552;0.989101767;0.974084639;0.968082776;0.919559296;0.98286403;0;0.938286526;0.989547947;0.910174753;0.864389629;0.967807153;0.987184776;52
Meles.meles25;0.911925419;0.944264353;0.942065683;0.953968177;0.934880936;0.926630402;0.938286526;0;0.924886784;0.956173217;0.918422157;0.946939624;0.948443395;52
Vulpes.vulpes25;0.9793447;0.989095744;0.952879399;0.943056599;0.933287546;0.982401513;0.989547947;0.924886784;0;0.882604034;0.860707155;0.975033;0.98133821;52
Vulpes.lagopus25;0.874363648;0.912693255;0.922749989;0.955852434;0.89709764;0.899132579;0.910174753;0.956173217;0.882604034;0;0.899838882;0.910697555;0.928084681;52
Felis.silvestris25;0.829461354;0.887010689;0.877108179;0.892099336;0.951274864;0.862943258;0.864389629;0.918422157;0.860707155;0.899838882;0;0.911303774;0.89505536;52
Homo_neand25;0.951957586;0.975159707;0.948148335;0.947111558;0.968694335;0.975754306;0.967807153;0.946939624;0.975033;0.910697555;0.911303774;0;0.977679802;52
Homo.sapiens25;0.964453783;0.986686825;0.967933512;0.966392907;0.945170685;0.979471221;0.987184776;0.948443395;0.98133821;0.928084681;0.89505536;0.977679802;0;52
Ursus.spelaeus26;0;0.97141044;0.962270752;0.94841009;0.900181014;0.973690191;0.983231279;0.909285105;0.979488672;0.863114933;0.8364833;0.951790232;0.962362689;53
Ursus.arctos26;0.97141044;0;0.961833377;0.954514363;0.944201206;0.984710997;0.989192997;0.941954328;0.988401693;0.906225584;0.894084906;0.975733613;0.985875104;53
Panthera.spelaea26;0.962270752;0.961833377;0;0.981605379;0.904766591;0.95873709;0.97393708;0.939046376;0.953411309;0.912312945;0.880085993;0.948994638;0.967149357;53
Panthera.leo26;0.94841009;0.954514363;0.981605379;0;0.921160787;0.95188682;0.965814249;0.952767088;0.940792462;0.951289188;0.899011425;0.947388043;0.96580261;53
Panthera.pardus26;0.900181014;0.944201206;0.904766591;0.921160787;0;0.935040568;0.923445656;0.934056234;0.933182531;0.898637334;0.955825709;0.969823437;0.949336922;53
Crocuta.crocuta26;0.973690191;0.984710997;0.95873709;0.95188682;0.935040568;0;0.98294386;0.925508604;0.982236769;0.894874323;0.873228617;0.976828578;0.979565095;53
Canis.lupus26;0.983231279;0.989192997;0.97393708;0.965814249;0.923445656;0.98294386;0;0.937108122;0.990027283;0.902081533;0.87246074;0.969358462;0.985980386;53
Meles.meles26;0.909285105;0.941954328;0.939046376;0.952767088;0.934056234;0.925508604;0.937108122;0;0.921687995;0.95380914;0.917999233;0.944036163;0.950209384;53
Vulpes.vulpes26;0.979488672;0.988401693;0.953411309;0.940792462;0.933182531;0.982236769;0.990027283;0.921687995;0;0.873258692;0.865927809;0.974931597;0.978811423;53
Vulpes.lagopus26;0.863114933;0.906225584;0.912312945;0.951289188;0.898637334;0.894874323;0.902081533;0.95380914;0.873258692;0;0.903360719;0.906266496;0.926347121;53
Felis.silvestris26;0.8364833;0.894084906;0.880085993;0.899011425;0.955825709;0.873228617;0.87246074;0.917999233;0.865927809;0.903360719;0;0.917214521;0.906103972;53
Homo_neand26;0.951790232;0.975733613;0.948994638;0.947388043;0.969823437;0.976828578;0.969358462;0.944036163;0.974931597;0.906266496;0.917214521;0;0.978428477;53
Homo.sapiens26;0.962362689;0.985875104;0.967149357;0.96580261;0.949336922;0.979565095;0.985980386;0.950209384;0.978811423;0.926347121;0.906103972;0.978428477;0;53
Ursus.spelaeus27;0;0.971286884;0.961120914;0.948193559;0.897625133;0.973906778;0.983283889;0.908876171;0.978630602;0.867248212;0.829083716;0.950747548;0.963049419;54
Ursus.arctos27;0.971286884;0;0.961391607;0.954735029;0.942432669;0.984378192;0.989246046;0.941491146;0.98862349;0.908132052;0.887540432;0.97507663;0.986409126;54
Panthera.spelaea27;0.961120914;0.961391607;0;0.981436501;0.903453791;0.957971174;0.972507239;0.940818287;0.951522457;0.917340447;0.876078658;0.948369964;0.965669127;54
Panthera.leo27;0.948193559;0.954735029;0.981436501;0;0.920783082;0.951921161;0.96499795;0.952408003;0.940082068;0.953836113;0.895036717;0.947780445;0.964329685;54
Panthera.pardus27;0.897625133;0.942432669;0.903453791;0.920783082;0;0.932532597;0.921174874;0.935221475;0.931514349;0.900074588;0.954258485;0.969425161;0.948280836;54
Crocuta.crocuta27;0.973906778;0.984378192;0.957971174;0.951921161;0.932532597;0;0.98309537;0.924775638;0.981967136;0.897050376;0.865819074;0.975721344;0.980195273;54
Canis.lupus27;0.983283889;0.989246046;0.972507239;0.96499795;0.921174874;0.98309537;0;0.934400635;0.990080768;0.903005552;0.864317592;0.968322643;0.986034946;54
Meles.meles27;0.908876171;0.941491146;0.940818287;0.952408003;0.935221475;0.924775638;0.934400635;0;0.92028418;0.954368761;0.917173351;0.946229484;0.94657129;54
Vulpes.vulpes27;0.978630602;0.98862349;0.951522457;0.940082068;0.931514349;0.981967136;0.990080768;0.92028418;0;0.875499747;0.858877647;0.973802043;0.980151189;54
Vulpes.lagopus27;0.867248212;0.908132052;0.917340447;0.953836113;0.900074588;0.897050376;0.903005552;0.954368761;0.875499747;0;0.901258546;0.910020356;0.924922723;54
Felis.silvestris27;0.829083716;0.887540432;0.876078658;0.895036717;0.954258485;0.865819074;0.864317592;0.917173351;0.858877647;0.901258546;0;0.914067553;0.898005323;54
Homo_neand27;0.950747548;0.97507663;0.948369964;0.947780445;0.969425161;0.975721344;0.968322643;0.946229484;0.973802043;0.910020356;0.914067553;0;0.978442167;54
Homo.sapiens27;0.963049419;0.986409126;0.965669127;0.964329685;0.948280836;0.980195273;0.986034946;0.94657129;0.980151189;0.924922723;0.898005323;0.978442167;0;54
Ursus.spelaeus28;0;0.970814988;0.959560229;0.949140615;0.89372007;0.974194943;0.983011503;0.908737304;0.976521521;0.874626474;0.820406821;0.949135974;0.964385513;55
Ursus.arctos28;0.970814988;0;0.960420707;0.95534682;0.939339128;0.983683508;0.98901851;0.940473965;0.988571617;0.911417022;0.878452379;0.97356746;0.987021075;55
Panthera.spelaea28;0.959560229;0.960420707;0;0.980417711;0.901325024;0.956455537;0.969981802;0.942560086;0.948450246;0.924661318;0.87210028;0.947875752;0.963092493;55
Panthera.leo28;0.949140615;0.95534682;0.980417711;0;0.918780881;0.952575657;0.964822681;0.95163648;0.93948332;0.956970161;0.888066856;0.947356911;0.962635099;55
Panthera.pardus28;0.89372007;0.939339128;0.901325024;0.918780881;0;0.928359234;0.917149103;0.936021379;0.929306721;0.900871106;0.951725826;0.968432302;0.945350369;55
Crocuta.crocuta28;0.974194943;0.983683508;0.956455537;0.952575657;0.928359234;0;0.983041782;0.923626438;0.980905348;0.900799926;0.855570555;0.973703959;0.980597551;55
Canis.lupus28;0.983011503;0.98901851;0.969981802;0.964822681;0.917149103;0.983041782;0;0.930976326;0.989710896;0.905958953;0.852773586;0.965958267;0.986730634;55
Meles.meles28;0.908737304;0.940473965;0.942560086;0.95163648;0.936021379;0.923626438;0.930976326;0;0.918758058;0.955253622;0.915891904;0.948459886;0.941316565;55
Vulpes.vulpes28;0.976521521;0.988571617;0.948450246;0.93948332;0.929306721;0.980905348;0.989710896;0.918758058;0;0.879394586;0.8498318;0.972096306;0.982331968;55
Vulpes.lagopus28;0.874626474;0.911417022;0.924661318;0.956970161;0.900871106;0.900799926;0.905958953;0.955253622;0.879394586;0;0.897814428;0.914385257;0.922705074;55
Felis.silvestris28;0.820406821;0.878452379;0.87210028;0.888066856;0.951725826;0.855570555;0.852773586;0.915891904;0.8498318;0.897814428;0;0.90965038;0.88533308;55
Homo_neand28;0.949135974;0.97356746;0.947875752;0.947356911;0.968432302;0.973703959;0.965958267;0.948459886;0.972096306;0.914385257;0.90965038;0;0.97735583;55
Homo.sapiens28;0.964385513;0.987021075;0.963092493;0.962635099;0.945350369;0.980597551;0.986730634;0.941316565;0.982331968;0.922705074;0.88533308;0.97735583;0;55
